{
  "AFG": {
    "Country": "Afghanistan",
    "Alpha-2 code": "AF",
    "Numeric code": 4,
    "Latitude (average)": 33,
    "Longitude (average)": 65
  },
  "ALB": {
    "Country": "Albania",
    "Alpha-2 code": "AL",
    "Numeric code": 8,
    "Latitude (average)": 41,
    "Longitude (average)": 20
  },
  "DZA": {
    "Country": "Algeria",
    "Alpha-2 code": "DZ",
    "Numeric code": 12,
    "Latitude (average)": 28,
    "Longitude (average)": 3
  },
  "ASM": {
    "Country": "American Samoa",
    "Alpha-2 code": "AS",
    "Numeric code": 16,
    "Latitude (average)": -14.3333,
    "Longitude (average)": -170
  },
  "AND": {
    "Country": "Andorra",
    "Alpha-2 code": "AD",
    "Numeric code": 20,
    "Latitude (average)": 42.5,
    "Longitude (average)": 1.6
  },
  "AGO": {
    "Country": "Angola",
    "Alpha-2 code": "AO",
    "Numeric code": 24,
    "Latitude (average)": -12.5,
    "Longitude (average)": 18.5
  },
  "AIA": {
    "Country": "Anguilla",
    "Alpha-2 code": "AI",
    "Numeric code": 660,
    "Latitude (average)": 18.25,
    "Longitude (average)": -63.1667
  },
  "ATA": {
    "Country": "Antarctica",
    "Alpha-2 code": "AQ",
    "Numeric code": 10,
    "Latitude (average)": -90,
    "Longitude (average)": 0
  },
  "ATG": {
    "Country": "Antigua and Barbuda",
    "Alpha-2 code": "AG",
    "Numeric code": 28,
    "Latitude (average)": 17.05,
    "Longitude (average)": -61.8
  },
  "ARG": {
    "Country": "Argentina",
    "Alpha-2 code": "AR",
    "Numeric code": 32,
    "Latitude (average)": -34,
    "Longitude (average)": -64
  },
  "ARM": {
    "Country": "Armenia",
    "Alpha-2 code": "AM",
    "Numeric code": 51,
    "Latitude (average)": 40,
    "Longitude (average)": 45
  },
  "ABW": {
    "Country": "Aruba",
    "Alpha-2 code": "AW",
    "Numeric code": 533,
    "Latitude (average)": 12.5,
    "Longitude (average)": -69.9667
  },
  "AUS": {
    "Country": "Australia",
    "Alpha-2 code": "AU",
    "Numeric code": 36,
    "Latitude (average)": -27,
    "Longitude (average)": 133
  },
  "AUT": {
    "Country": "Austria",
    "Alpha-2 code": "AT",
    "Numeric code": 40,
    "Latitude (average)": 47.3333,
    "Longitude (average)": 13.3333
  },
  "AZE": {
    "Country": "Azerbaijan",
    "Alpha-2 code": "AZ",
    "Numeric code": 31,
    "Latitude (average)": 40.5,
    "Longitude (average)": 47.5
  },
  "BHS": {
    "Country": "Bahamas",
    "Alpha-2 code": "BS",
    "Numeric code": 44,
    "Latitude (average)": 24.25,
    "Longitude (average)": -76
  },
  "BHR": {
    "Country": "Bahrain",
    "Alpha-2 code": "BH",
    "Numeric code": 48,
    "Latitude (average)": 26,
    "Longitude (average)": 50.55
  },
  "BGD": {
    "Country": "Bangladesh",
    "Alpha-2 code": "BD",
    "Numeric code": 50,
    "Latitude (average)": 24,
    "Longitude (average)": 90
  },
  "BRB": {
    "Country": "Barbados",
    "Alpha-2 code": "BB",
    "Numeric code": 52,
    "Latitude (average)": 13.1667,
    "Longitude (average)": -59.5333
  },
  "BLR": {
    "Country": "Belarus",
    "Alpha-2 code": "BY",
    "Numeric code": 112,
    "Latitude (average)": 53,
    "Longitude (average)": 28
  },
  "BEL": {
    "Country": "Belgium",
    "Alpha-2 code": "BE",
    "Numeric code": 56,
    "Latitude (average)": 50.8333,
    "Longitude (average)": 4
  },
  "BLZ": {
    "Country": "Belize",
    "Alpha-2 code": "BZ",
    "Numeric code": 84,
    "Latitude (average)": 17.25,
    "Longitude (average)": -88.75
  },
  "BEN": {
    "Country": "Benin",
    "Alpha-2 code": "BJ",
    "Numeric code": 204,
    "Latitude (average)": 9.5,
    "Longitude (average)": 2.25
  },
  "BMU": {
    "Country": "Bermuda",
    "Alpha-2 code": "BM",
    "Numeric code": 60,
    "Latitude (average)": 32.3333,
    "Longitude (average)": -64.75
  },
  "BTN": {
    "Country": "Bhutan",
    "Alpha-2 code": "BT",
    "Numeric code": 64,
    "Latitude (average)": 27.5,
    "Longitude (average)": 90.5
  },
  "BOL": {
    "Country": "Bolivia",
    "Alpha-2 code": "BO",
    "Numeric code": 68,
    "Latitude (average)": -17,
    "Longitude (average)": -65
  },
  "BIH": {
    "Country": "Bosnia and Herzegovina",
    "Alpha-2 code": "BA",
    "Numeric code": 70,
    "Latitude (average)": 44,
    "Longitude (average)": 18
  },
  "BWA": {
    "Country": "Botswana",
    "Alpha-2 code": "BW",
    "Numeric code": 72,
    "Latitude (average)": -22,
    "Longitude (average)": 24
  },
  "BVT": {
    "Country": "Bouvet Island",
    "Alpha-2 code": "BV",
    "Numeric code": 74,
    "Latitude (average)": -54.4333,
    "Longitude (average)": 3.4
  },
  "BRA": {
    "Country": "Brazil",
    "Alpha-2 code": "BR",
    "Numeric code": 76,
    "Latitude (average)": -10,
    "Longitude (average)": -55
  },
  "IOT": {
    "Country": "British Indian Ocean Territory",
    "Alpha-2 code": "IO",
    "Numeric code": 86,
    "Latitude (average)": -6,
    "Longitude (average)": 71.5
  },
  "BRN": {
    "Country": "Brunei",
    "Alpha-2 code": "BN",
    "Numeric code": 96,
    "Latitude (average)": 4.5,
    "Longitude (average)": 114.6667
  },
  "BGR": {
    "Country": "Bulgaria",
    "Alpha-2 code": "BG",
    "Numeric code": 100,
    "Latitude (average)": 43,
    "Longitude (average)": 25
  },
  "BFA": {
    "Country": "Burkina Faso",
    "Alpha-2 code": "BF",
    "Numeric code": 854,
    "Latitude (average)": 13,
    "Longitude (average)": -2
  },
  "BDI": {
    "Country": "Burundi",
    "Alpha-2 code": "BI",
    "Numeric code": 108,
    "Latitude (average)": -3.5,
    "Longitude (average)": 30
  },
  "KHM": {
    "Country": "Cambodia",
    "Alpha-2 code": "KH",
    "Numeric code": 116,
    "Latitude (average)": 13,
    "Longitude (average)": 105
  },
  "CMR": {
    "Country": "Cameroon",
    "Alpha-2 code": "CM",
    "Numeric code": 120,
    "Latitude (average)": 6,
    "Longitude (average)": 12
  },
  "CAN": {
    "Country": "Canada",
    "Alpha-2 code": "CA",
    "Numeric code": 124,
    "Latitude (average)": 60,
    "Longitude (average)": -95
  },
  "CPV": {
    "Country": "Cape Verde",
    "Alpha-2 code": "CV",
    "Numeric code": 132,
    "Latitude (average)": 16,
    "Longitude (average)": -24
  },
  "CYM": {
    "Country": "Cayman Islands",
    "Alpha-2 code": "KY",
    "Numeric code": 136,
    "Latitude (average)": 19.5,
    "Longitude (average)": -80.5
  },
  "CAF": {
    "Country": "Central African Republic",
    "Alpha-2 code": "CF",
    "Numeric code": 140,
    "Latitude (average)": 7,
    "Longitude (average)": 21
  },
  "TCD": {
    "Country": "Chad",
    "Alpha-2 code": "TD",
    "Numeric code": 148,
    "Latitude (average)": 15,
    "Longitude (average)": 19
  },
  "CHL": {
    "Country": "Chile",
    "Alpha-2 code": "CL",
    "Numeric code": 152,
    "Latitude (average)": -30,
    "Longitude (average)": -71
  },
  "CHN": {
    "Country": "China",
    "Alpha-2 code": "CN",
    "Numeric code": 156,
    "Latitude (average)": 35,
    "Longitude (average)": 105
  },
  "CXR": {
    "Country": "Christmas Island",
    "Alpha-2 code": "CX",
    "Numeric code": 162,
    "Latitude (average)": -10.5,
    "Longitude (average)": 105.6667
  },
  "CCK": {
    "Country": "Cocos (Keeling) Islands",
    "Alpha-2 code": "CC",
    "Numeric code": 166,
    "Latitude (average)": -12.5,
    "Longitude (average)": 96.8333
  },
  "COL": {
    "Country": "Colombia",
    "Alpha-2 code": "CO",
    "Numeric code": 170,
    "Latitude (average)": 4,
    "Longitude (average)": -72
  },
  "COM": {
    "Country": "Comoros",
    "Alpha-2 code": "KM",
    "Numeric code": 174,
    "Latitude (average)": -12.1667,
    "Longitude (average)": 44.25
  },
  "COG": {
    "Country": "Congo",
    "Alpha-2 code": "CG",
    "Numeric code": 178,
    "Latitude (average)": -1,
    "Longitude (average)": 15
  },
  "COD": {
    "Country": "Congo, the Democratic Republic of the",
    "Alpha-2 code": "CD",
    "Numeric code": 180,
    "Latitude (average)": 0,
    "Longitude (average)": 25
  },
  "COK": {
    "Country": "Cook Islands",
    "Alpha-2 code": "CK",
    "Numeric code": 184,
    "Latitude (average)": -21.2333,
    "Longitude (average)": -159.7667
  },
  "CRI": {
    "Country": "Costa Rica",
    "Alpha-2 code": "CR",
    "Numeric code": 188,
    "Latitude (average)": 10,
    "Longitude (average)": -84
  },
  "CIV": {
    "Country": "Ivory Coast",
    "Alpha-2 code": "CI",
    "Numeric code": 384,
    "Latitude (average)": 8,
    "Longitude (average)": -5
  },
  "HRV": {
    "Country": "Croatia",
    "Alpha-2 code": "HR",
    "Numeric code": 191,
    "Latitude (average)": 45.1667,
    "Longitude (average)": 15.5
  },
  "CUB": {
    "Country": "Cuba",
    "Alpha-2 code": "CU",
    "Numeric code": 192,
    "Latitude (average)": 21.5,
    "Longitude (average)": -80
  },
  "CYP": {
    "Country": "Cyprus",
    "Alpha-2 code": "CY",
    "Numeric code": 196,
    "Latitude (average)": 35,
    "Longitude (average)": 33
  },
  "CZE": {
    "Country": "Czech Republic",
    "Alpha-2 code": "CZ",
    "Numeric code": 203,
    "Latitude (average)": 49.75,
    "Longitude (average)": 15.5
  },
  "DNK": {
    "Country": "Denmark",
    "Alpha-2 code": "DK",
    "Numeric code": 208,
    "Latitude (average)": 56,
    "Longitude (average)": 10
  },
  "DJI": {
    "Country": "Djibouti",
    "Alpha-2 code": "DJ",
    "Numeric code": 262,
    "Latitude (average)": 11.5,
    "Longitude (average)": 43
  },
  "DMA": {
    "Country": "Dominica",
    "Alpha-2 code": "DM",
    "Numeric code": 212,
    "Latitude (average)": 15.4167,
    "Longitude (average)": -61.3333
  },
  "DOM": {
    "Country": "Dominican Republic",
    "Alpha-2 code": "DO",
    "Numeric code": 214,
    "Latitude (average)": 19,
    "Longitude (average)": -70.6667
  },
  "ECU": {
    "Country": "Ecuador",
    "Alpha-2 code": "EC",
    "Numeric code": 218,
    "Latitude (average)": -2,
    "Longitude (average)": -77.5
  },
  "EGY": {
    "Country": "Egypt",
    "Alpha-2 code": "EG",
    "Numeric code": 818,
    "Latitude (average)": 27,
    "Longitude (average)": 30
  },
  "SLV": {
    "Country": "El Salvador",
    "Alpha-2 code": "SV",
    "Numeric code": 222,
    "Latitude (average)": 13.8333,
    "Longitude (average)": -88.9167
  },
  "GNQ": {
    "Country": "Equatorial Guinea",
    "Alpha-2 code": "GQ",
    "Numeric code": 226,
    "Latitude (average)": 2,
    "Longitude (average)": 10
  },
  "ERI": {
    "Country": "Eritrea",
    "Alpha-2 code": "ER",
    "Numeric code": 232,
    "Latitude (average)": 15,
    "Longitude (average)": 39
  },
  "EST": {
    "Country": "Estonia",
    "Alpha-2 code": "EE",
    "Numeric code": 233,
    "Latitude (average)": 59,
    "Longitude (average)": 26
  },
  "ETH": {
    "Country": "Ethiopia",
    "Alpha-2 code": "ET",
    "Numeric code": 231,
    "Latitude (average)": 8,
    "Longitude (average)": 38
  },
  "FLK": {
    "Country": "Falkland Islands (Malvinas)",
    "Alpha-2 code": "FK",
    "Numeric code": 238,
    "Latitude (average)": -51.75,
    "Longitude (average)": -59
  },
  "FRO": {
    "Country": "Faroe Islands",
    "Alpha-2 code": "FO",
    "Numeric code": 234,
    "Latitude (average)": 62,
    "Longitude (average)": -7
  },
  "FJI": {
    "Country": "Fiji",
    "Alpha-2 code": "FJ",
    "Numeric code": 242,
    "Latitude (average)": -18,
    "Longitude (average)": 175
  },
  "FIN": {
    "Country": "Finland",
    "Alpha-2 code": "FI",
    "Numeric code": 246,
    "Latitude (average)": 64,
    "Longitude (average)": 26
  },
  "FRA": {
    "Country": "France",
    "Alpha-2 code": "FR",
    "Numeric code": 250,
    "Latitude (average)": 46,
    "Longitude (average)": 2
  },
  "GUF": {
    "Country": "French Guiana",
    "Alpha-2 code": "GF",
    "Numeric code": 254,
    "Latitude (average)": 4,
    "Longitude (average)": -53
  },
  "PYF": {
    "Country": "French Polynesia",
    "Alpha-2 code": "PF",
    "Numeric code": 258,
    "Latitude (average)": -15,
    "Longitude (average)": -140
  },
  "ATF": {
    "Country": "French Southern Territories",
    "Alpha-2 code": "TF",
    "Numeric code": 260,
    "Latitude (average)": -43,
    "Longitude (average)": 67
  },
  "GAB": {
    "Country": "Gabon",
    "Alpha-2 code": "GA",
    "Numeric code": 266,
    "Latitude (average)": -1,
    "Longitude (average)": 11.75
  },
  "GMB": {
    "Country": "Gambia",
    "Alpha-2 code": "GM",
    "Numeric code": 270,
    "Latitude (average)": 13.4667,
    "Longitude (average)": -16.5667
  },
  "GEO": {
    "Country": "Georgia",
    "Alpha-2 code": "GE",
    "Numeric code": 268,
    "Latitude (average)": 42,
    "Longitude (average)": 43.5
  },
  "DEU": {
    "Country": "Germany",
    "Alpha-2 code": "DE",
    "Numeric code": 276,
    "Latitude (average)": 51,
    "Longitude (average)": 9
  },
  "GHA": {
    "Country": "Ghana",
    "Alpha-2 code": "GH",
    "Numeric code": 288,
    "Latitude (average)": 8,
    "Longitude (average)": -2
  },
  "GIB": {
    "Country": "Gibraltar",
    "Alpha-2 code": "GI",
    "Numeric code": 292,
    "Latitude (average)": 36.1833,
    "Longitude (average)": -5.3667
  },
  "GRC": {
    "Country": "Greece",
    "Alpha-2 code": "GR",
    "Numeric code": 300,
    "Latitude (average)": 39,
    "Longitude (average)": 22
  },
  "GRL": {
    "Country": "Greenland",
    "Alpha-2 code": "GL",
    "Numeric code": 304,
    "Latitude (average)": 72,
    "Longitude (average)": -40
  },
  "GRD": {
    "Country": "Grenada",
    "Alpha-2 code": "GD",
    "Numeric code": 308,
    "Latitude (average)": 12.1167,
    "Longitude (average)": -61.6667
  },
  "GLP": {
    "Country": "Guadeloupe",
    "Alpha-2 code": "GP",
    "Numeric code": 312,
    "Latitude (average)": 16.25,
    "Longitude (average)": -61.5833
  },
  "GUM": {
    "Country": "Guam",
    "Alpha-2 code": "GU",
    "Numeric code": 316,
    "Latitude (average)": 13.4667,
    "Longitude (average)": 144.7833
  },
  "GTM": {
    "Country": "Guatemala",
    "Alpha-2 code": "GT",
    "Numeric code": 320,
    "Latitude (average)": 15.5,
    "Longitude (average)": -90.25
  },
  "GGY": {
    "Country": "Guernsey",
    "Alpha-2 code": "GG",
    "Numeric code": 831,
    "Latitude (average)": 49.5,
    "Longitude (average)": -2.56
  },
  "GIN": {
    "Country": "Guinea",
    "Alpha-2 code": "GN",
    "Numeric code": 324,
    "Latitude (average)": 11,
    "Longitude (average)": -10
  },
  "GNB": {
    "Country": "Guinea-Bissau",
    "Alpha-2 code": "GW",
    "Numeric code": 624,
    "Latitude (average)": 12,
    "Longitude (average)": -15
  },
  "GUY": {
    "Country": "Guyana",
    "Alpha-2 code": "GY",
    "Numeric code": 328,
    "Latitude (average)": 5,
    "Longitude (average)": -59
  },
  "HTI": {
    "Country": "Haiti",
    "Alpha-2 code": "HT",
    "Numeric code": 332,
    "Latitude (average)": 19,
    "Longitude (average)": -72.4167
  },
  "HMD": {
    "Country": "Heard Island and McDonald Islands",
    "Alpha-2 code": "HM",
    "Numeric code": 334,
    "Latitude (average)": -53.1,
    "Longitude (average)": 72.5167
  },
  "VAT": {
    "Country": "Holy See (Vatican City State)",
    "Alpha-2 code": "VA",
    "Numeric code": 336,
    "Latitude (average)": 41.9,
    "Longitude (average)": 12.45
  },
  "HND": {
    "Country": "Honduras",
    "Alpha-2 code": "HN",
    "Numeric code": 340,
    "Latitude (average)": 15,
    "Longitude (average)": -86.5
  },
  "HKG": {
    "Country": "Hong Kong",
    "Alpha-2 code": "HK",
    "Numeric code": 344,
    "Latitude (average)": 22.25,
    "Longitude (average)": 114.1667
  },
  "HUN": {
    "Country": "Hungary",
    "Alpha-2 code": "HU",
    "Numeric code": 348,
    "Latitude (average)": 47,
    "Longitude (average)": 20
  },
  "ISL": {
    "Country": "Iceland",
    "Alpha-2 code": "IS",
    "Numeric code": 352,
    "Latitude (average)": 65,
    "Longitude (average)": -18
  },
  "IND": {
    "Country": "India",
    "Alpha-2 code": "IN",
    "Numeric code": 356,
    "Latitude (average)": 20,
    "Longitude (average)": 77
  },
  "IDN": {
    "Country": "Indonesia",
    "Alpha-2 code": "ID",
    "Numeric code": 360,
    "Latitude (average)": -5,
    "Longitude (average)": 120
  },
  "IRN": {
    "Country": "Iran, Islamic Republic of",
    "Alpha-2 code": "IR",
    "Numeric code": 364,
    "Latitude (average)": 32,
    "Longitude (average)": 53
  },
  "IRQ": {
    "Country": "Iraq",
    "Alpha-2 code": "IQ",
    "Numeric code": 368,
    "Latitude (average)": 33,
    "Longitude (average)": 44
  },
  "IRL": {
    "Country": "Ireland",
    "Alpha-2 code": "IE",
    "Numeric code": 372,
    "Latitude (average)": 53,
    "Longitude (average)": -8
  },
  "IMN": {
    "Country": "Isle of Man",
    "Alpha-2 code": "IM",
    "Numeric code": 833,
    "Latitude (average)": 54.23,
    "Longitude (average)": -4.55
  },
  "ISR": {
    "Country": "Israel",
    "Alpha-2 code": "IL",
    "Numeric code": 376,
    "Latitude (average)": 31.5,
    "Longitude (average)": 34.75
  },
  "ITA": {
    "Country": "Italy",
    "Alpha-2 code": "IT",
    "Numeric code": 380,
    "Latitude (average)": 42.8333,
    "Longitude (average)": 12.8333
  },
  "JAM": {
    "Country": "Jamaica",
    "Alpha-2 code": "JM",
    "Numeric code": 388,
    "Latitude (average)": 18.25,
    "Longitude (average)": -77.5
  },
  "JPN": {
    "Country": "Japan",
    "Alpha-2 code": "JP",
    "Numeric code": 392,
    "Latitude (average)": 36,
    "Longitude (average)": 138
  },
  "JEY": {
    "Country": "Jersey",
    "Alpha-2 code": "JE",
    "Numeric code": 832,
    "Latitude (average)": 49.21,
    "Longitude (average)": -2.13
  },
  "JOR": {
    "Country": "Jordan",
    "Alpha-2 code": "JO",
    "Numeric code": 400,
    "Latitude (average)": 31,
    "Longitude (average)": 36
  },
  "KAZ": {
    "Country": "Kazakhstan",
    "Alpha-2 code": "KZ",
    "Numeric code": 398,
    "Latitude (average)": 48,
    "Longitude (average)": 68
  },
  "KEN": {
    "Country": "Kenya",
    "Alpha-2 code": "KE",
    "Numeric code": 404,
    "Latitude (average)": 1,
    "Longitude (average)": 38
  },
  "KIR": {
    "Country": "Kiribati",
    "Alpha-2 code": "KI",
    "Numeric code": 296,
    "Latitude (average)": 1.4167,
    "Longitude (average)": 173
  },
  "PRK": {
    "Country": "Korea, Democratic People's Republic of",
    "Alpha-2 code": "KP",
    "Numeric code": 408,
    "Latitude (average)": 40,
    "Longitude (average)": 127
  },
  "KOR": {
    "Country": "South Korea",
    "Alpha-2 code": "KR",
    "Numeric code": 410,
    "Latitude (average)": 37,
    "Longitude (average)": 127.5
  },
  "KWT": {
    "Country": "Kuwait",
    "Alpha-2 code": "KW",
    "Numeric code": 414,
    "Latitude (average)": 29.3375,
    "Longitude (average)": 47.6581
  },
  "KGZ": {
    "Country": "Kyrgyzstan",
    "Alpha-2 code": "KG",
    "Numeric code": 417,
    "Latitude (average)": 41,
    "Longitude (average)": 75
  },
  "LAO": {
    "Country": "Lao People's Democratic Republic",
    "Alpha-2 code": "LA",
    "Numeric code": 418,
    "Latitude (average)": 18,
    "Longitude (average)": 105
  },
  "LVA": {
    "Country": "Latvia",
    "Alpha-2 code": "LV",
    "Numeric code": 428,
    "Latitude (average)": 57,
    "Longitude (average)": 25
  },
  "LBN": {
    "Country": "Lebanon",
    "Alpha-2 code": "LB",
    "Numeric code": 422,
    "Latitude (average)": 33.8333,
    "Longitude (average)": 35.8333
  },
  "LSO": {
    "Country": "Lesotho",
    "Alpha-2 code": "LS",
    "Numeric code": 426,
    "Latitude (average)": -29.5,
    "Longitude (average)": 28.5
  },
  "LBR": {
    "Country": "Liberia",
    "Alpha-2 code": "LR",
    "Numeric code": 430,
    "Latitude (average)": 6.5,
    "Longitude (average)": -9.5
  },
  "LBY": {
    "Country": "Libya",
    "Alpha-2 code": "LY",
    "Numeric code": 434,
    "Latitude (average)": 25,
    "Longitude (average)": 17
  },
  "LIE": {
    "Country": "Liechtenstein",
    "Alpha-2 code": "LI",
    "Numeric code": 438,
    "Latitude (average)": 47.1667,
    "Longitude (average)": 9.5333
  },
  "LTU": {
    "Country": "Lithuania",
    "Alpha-2 code": "LT",
    "Numeric code": 440,
    "Latitude (average)": 56,
    "Longitude (average)": 24
  },
  "LUX": {
    "Country": "Luxembourg",
    "Alpha-2 code": "LU",
    "Numeric code": 442,
    "Latitude (average)": 49.75,
    "Longitude (average)": 6.1667
  },
  "MAC": {
    "Country": "Macao",
    "Alpha-2 code": "MO",
    "Numeric code": 446,
    "Latitude (average)": 22.1667,
    "Longitude (average)": 113.55
  },
  "MKD": {
    "Country": "Macedonia, the former Yugoslav Republic of",
    "Alpha-2 code": "MK",
    "Numeric code": 807,
    "Latitude (average)": 41.8333,
    "Longitude (average)": 22
  },
  "MDG": {
    "Country": "Madagascar",
    "Alpha-2 code": "MG",
    "Numeric code": 450,
    "Latitude (average)": -20,
    "Longitude (average)": 47
  },
  "MWI": {
    "Country": "Malawi",
    "Alpha-2 code": "MW",
    "Numeric code": 454,
    "Latitude (average)": -13.5,
    "Longitude (average)": 34
  },
  "MYS": {
    "Country": "Malaysia",
    "Alpha-2 code": "MY",
    "Numeric code": 458,
    "Latitude (average)": 2.5,
    "Longitude (average)": 112.5
  },
  "MDV": {
    "Country": "Maldives",
    "Alpha-2 code": "MV",
    "Numeric code": 462,
    "Latitude (average)": 3.25,
    "Longitude (average)": 73
  },
  "MLI": {
    "Country": "Mali",
    "Alpha-2 code": "ML",
    "Numeric code": 466,
    "Latitude (average)": 17,
    "Longitude (average)": -4
  },
  "MLT": {
    "Country": "Malta",
    "Alpha-2 code": "MT",
    "Numeric code": 470,
    "Latitude (average)": 35.8333,
    "Longitude (average)": 14.5833
  },
  "MHL": {
    "Country": "Marshall Islands",
    "Alpha-2 code": "MH",
    "Numeric code": 584,
    "Latitude (average)": 9,
    "Longitude (average)": 168
  },
  "MTQ": {
    "Country": "Martinique",
    "Alpha-2 code": "MQ",
    "Numeric code": 474,
    "Latitude (average)": 14.6667,
    "Longitude (average)": -61
  },
  "MRT": {
    "Country": "Mauritania",
    "Alpha-2 code": "MR",
    "Numeric code": 478,
    "Latitude (average)": 20,
    "Longitude (average)": -12
  },
  "MUS": {
    "Country": "Mauritius",
    "Alpha-2 code": "MU",
    "Numeric code": 480,
    "Latitude (average)": -20.2833,
    "Longitude (average)": 57.55
  },
  "MYT": {
    "Country": "Mayotte",
    "Alpha-2 code": "YT",
    "Numeric code": 175,
    "Latitude (average)": -12.8333,
    "Longitude (average)": 45.1667
  },
  "MEX": {
    "Country": "Mexico",
    "Alpha-2 code": "MX",
    "Numeric code": 484,
    "Latitude (average)": 23,
    "Longitude (average)": -102
  },
  "FSM": {
    "Country": "Micronesia, Federated States of",
    "Alpha-2 code": "FM",
    "Numeric code": 583,
    "Latitude (average)": 6.9167,
    "Longitude (average)": 158.25
  },
  "MDA": {
    "Country": "Moldova, Republic of",
    "Alpha-2 code": "MD",
    "Numeric code": 498,
    "Latitude (average)": 47,
    "Longitude (average)": 29
  },
  "MCO": {
    "Country": "Monaco",
    "Alpha-2 code": "MC",
    "Numeric code": 492,
    "Latitude (average)": 43.7333,
    "Longitude (average)": 7.4
  },
  "MNG": {
    "Country": "Mongolia",
    "Alpha-2 code": "MN",
    "Numeric code": 496,
    "Latitude (average)": 46,
    "Longitude (average)": 105
  },
  "MNE": {
    "Country": "Montenegro",
    "Alpha-2 code": "ME",
    "Numeric code": 499,
    "Latitude (average)": 42,
    "Longitude (average)": 19
  },
  "MSR": {
    "Country": "Montserrat",
    "Alpha-2 code": "MS",
    "Numeric code": 500,
    "Latitude (average)": 16.75,
    "Longitude (average)": -62.2
  },
  "MAR": {
    "Country": "Morocco",
    "Alpha-2 code": "MA",
    "Numeric code": 504,
    "Latitude (average)": 32,
    "Longitude (average)": -5
  },
  "MOZ": {
    "Country": "Mozambique",
    "Alpha-2 code": "MZ",
    "Numeric code": 508,
    "Latitude (average)": -18.25,
    "Longitude (average)": 35
  },
  "MMR": {
    "Country": "Burma",
    "Alpha-2 code": "MM",
    "Numeric code": 104,
    "Latitude (average)": 22,
    "Longitude (average)": 98
  },
  "NAM": {
    "Country": "Namibia",
    "Alpha-2 code": "NA",
    "Numeric code": 516,
    "Latitude (average)": -22,
    "Longitude (average)": 17
  },
  "NRU": {
    "Country": "Nauru",
    "Alpha-2 code": "NR",
    "Numeric code": 520,
    "Latitude (average)": -0.5333,
    "Longitude (average)": 166.9167
  },
  "NPL": {
    "Country": "Nepal",
    "Alpha-2 code": "NP",
    "Numeric code": 524,
    "Latitude (average)": 28,
    "Longitude (average)": 84
  },
  "NLD": {
    "Country": "Netherlands",
    "Alpha-2 code": "NL",
    "Numeric code": 528,
    "Latitude (average)": 52.5,
    "Longitude (average)": 5.75
  },
  "ANT": {
    "Country": "Netherlands Antilles",
    "Alpha-2 code": "AN",
    "Numeric code": 530,
    "Latitude (average)": 12.25,
    "Longitude (average)": -68.75
  },
  "NCL": {
    "Country": "New Caledonia",
    "Alpha-2 code": "NC",
    "Numeric code": 540,
    "Latitude (average)": -21.5,
    "Longitude (average)": 165.5
  },
  "NZL": {
    "Country": "New Zealand",
    "Alpha-2 code": "NZ",
    "Numeric code": 554,
    "Latitude (average)": -41,
    "Longitude (average)": 174
  },
  "NIC": {
    "Country": "Nicaragua",
    "Alpha-2 code": "NI",
    "Numeric code": 558,
    "Latitude (average)": 13,
    "Longitude (average)": -85
  },
  "NER": {
    "Country": "Niger",
    "Alpha-2 code": "NE",
    "Numeric code": 562,
    "Latitude (average)": 16,
    "Longitude (average)": 8
  },
  "NGA": {
    "Country": "Nigeria",
    "Alpha-2 code": "NG",
    "Numeric code": 566,
    "Latitude (average)": 10,
    "Longitude (average)": 8
  },
  "NIU": {
    "Country": "Niue",
    "Alpha-2 code": "NU",
    "Numeric code": 570,
    "Latitude (average)": -19.0333,
    "Longitude (average)": -169.8667
  },
  "NFK": {
    "Country": "Norfolk Island",
    "Alpha-2 code": "NF",
    "Numeric code": 574,
    "Latitude (average)": -29.0333,
    "Longitude (average)": 167.95
  },
  "MNP": {
    "Country": "Northern Mariana Islands",
    "Alpha-2 code": "MP",
    "Numeric code": 580,
    "Latitude (average)": 15.2,
    "Longitude (average)": 145.75
  },
  "NOR": {
    "Country": "Norway",
    "Alpha-2 code": "NO",
    "Numeric code": 578,
    "Latitude (average)": 62,
    "Longitude (average)": 10
  },
  "OMN": {
    "Country": "Oman",
    "Alpha-2 code": "OM",
    "Numeric code": 512,
    "Latitude (average)": 21,
    "Longitude (average)": 57
  },
  "PAK": {
    "Country": "Pakistan",
    "Alpha-2 code": "PK",
    "Numeric code": 586,
    "Latitude (average)": 30,
    "Longitude (average)": 70
  },
  "PLW": {
    "Country": "Palau",
    "Alpha-2 code": "PW",
    "Numeric code": 585,
    "Latitude (average)": 7.5,
    "Longitude (average)": 134.5
  },
  "PSE": {
    "Country": "Palestinian Territory, Occupied",
    "Alpha-2 code": "PS",
    "Numeric code": 275,
    "Latitude (average)": 32,
    "Longitude (average)": 35.25
  },
  "PAN": {
    "Country": "Panama",
    "Alpha-2 code": "PA",
    "Numeric code": 591,
    "Latitude (average)": 9,
    "Longitude (average)": -80
  },
  "PNG": {
    "Country": "Papua New Guinea",
    "Alpha-2 code": "PG",
    "Numeric code": 598,
    "Latitude (average)": -6,
    "Longitude (average)": 147
  },
  "PRY": {
    "Country": "Paraguay",
    "Alpha-2 code": "PY",
    "Numeric code": 600,
    "Latitude (average)": -23,
    "Longitude (average)": -58
  },
  "PER": {
    "Country": "Peru",
    "Alpha-2 code": "PE",
    "Numeric code": 604,
    "Latitude (average)": -10,
    "Longitude (average)": -76
  },
  "PHL": {
    "Country": "Philippines",
    "Alpha-2 code": "PH",
    "Numeric code": 608,
    "Latitude (average)": 13,
    "Longitude (average)": 122
  },
  "PCN": {
    "Country": "Pitcairn",
    "Alpha-2 code": "PN",
    "Numeric code": 612,
    "Latitude (average)": -24.7,
    "Longitude (average)": -127.4
  },
  "POL": {
    "Country": "Poland",
    "Alpha-2 code": "PL",
    "Numeric code": 616,
    "Latitude (average)": 52,
    "Longitude (average)": 20
  },
  "PRT": {
    "Country": "Portugal",
    "Alpha-2 code": "PT",
    "Numeric code": 620,
    "Latitude (average)": 39.5,
    "Longitude (average)": -8
  },
  "PRI": {
    "Country": "Puerto Rico",
    "Alpha-2 code": "PR",
    "Numeric code": 630,
    "Latitude (average)": 18.25,
    "Longitude (average)": -66.5
  },
  "QAT": {
    "Country": "Qatar",
    "Alpha-2 code": "QA",
    "Numeric code": 634,
    "Latitude (average)": 25.5,
    "Longitude (average)": 51.25
  },
  "REU": {
    "Country": "Réunion",
    "Alpha-2 code": "RE",
    "Numeric code": 638,
    "Latitude (average)": -21.1,
    "Longitude (average)": 55.6
  },
  "ROU": {
    "Country": "Romania",
    "Alpha-2 code": "RO",
    "Numeric code": 642,
    "Latitude (average)": 46,
    "Longitude (average)": 25
  },
  "RUS": {
    "Country": "Russia",
    "Alpha-2 code": "RU",
    "Numeric code": 643,
    "Latitude (average)": 60,
    "Longitude (average)": 100
  },
  "RWA": {
    "Country": "Rwanda",
    "Alpha-2 code": "RW",
    "Numeric code": 646,
    "Latitude (average)": -2,
    "Longitude (average)": 30
  },
  "SHN": {
    "Country": "Saint Helena, Ascension and Tristan da Cunha",
    "Alpha-2 code": "SH",
    "Numeric code": 654,
    "Latitude (average)": -15.9333,
    "Longitude (average)": -5.7
  },
  "KNA": {
    "Country": "Saint Kitts and Nevis",
    "Alpha-2 code": "KN",
    "Numeric code": 659,
    "Latitude (average)": 17.3333,
    "Longitude (average)": -62.75
  },
  "LCA": {
    "Country": "Saint Lucia",
    "Alpha-2 code": "LC",
    "Numeric code": 662,
    "Latitude (average)": 13.8833,
    "Longitude (average)": -61.1333
  },
  "SPM": {
    "Country": "Saint Pierre and Miquelon",
    "Alpha-2 code": "PM",
    "Numeric code": 666,
    "Latitude (average)": 46.8333,
    "Longitude (average)": -56.3333
  },
  "VCT": {
    "Country": "St. Vincent and the Grenadines",
    "Alpha-2 code": "VC",
    "Numeric code": 670,
    "Latitude (average)": 13.25,
    "Longitude (average)": -61.2
  },
  "WSM": {
    "Country": "Samoa",
    "Alpha-2 code": "WS",
    "Numeric code": 882,
    "Latitude (average)": -13.5833,
    "Longitude (average)": -172.3333
  },
  "SMR": {
    "Country": "San Marino",
    "Alpha-2 code": "SM",
    "Numeric code": 674,
    "Latitude (average)": 43.7667,
    "Longitude (average)": 12.4167
  },
  "STP": {
    "Country": "Sao Tome and Principe",
    "Alpha-2 code": "ST",
    "Numeric code": 678,
    "Latitude (average)": 1,
    "Longitude (average)": 7
  },
  "SAU": {
    "Country": "Saudi Arabia",
    "Alpha-2 code": "SA",
    "Numeric code": 682,
    "Latitude (average)": 25,
    "Longitude (average)": 45
  },
  "SEN": {
    "Country": "Senegal",
    "Alpha-2 code": "SN",
    "Numeric code": 686,
    "Latitude (average)": 14,
    "Longitude (average)": -14
  },
  "SRB": {
    "Country": "Serbia",
    "Alpha-2 code": "RS",
    "Numeric code": 688,
    "Latitude (average)": 44,
    "Longitude (average)": 21
  },
  "SYC": {
    "Country": "Seychelles",
    "Alpha-2 code": "SC",
    "Numeric code": 690,
    "Latitude (average)": -4.5833,
    "Longitude (average)": 55.6667
  },
  "SLE": {
    "Country": "Sierra Leone",
    "Alpha-2 code": "SL",
    "Numeric code": 694,
    "Latitude (average)": 8.5,
    "Longitude (average)": -11.5
  },
  "SGP": {
    "Country": "Singapore",
    "Alpha-2 code": "SG",
    "Numeric code": 702,
    "Latitude (average)": 1.3667,
    "Longitude (average)": 103.8
  },
  "SVK": {
    "Country": "Slovakia",
    "Alpha-2 code": "SK",
    "Numeric code": 703,
    "Latitude (average)": 48.6667,
    "Longitude (average)": 19.5
  },
  "SVN": {
    "Country": "Slovenia",
    "Alpha-2 code": "SI",
    "Numeric code": 705,
    "Latitude (average)": 46,
    "Longitude (average)": 15
  },
  "SLB": {
    "Country": "Solomon Islands",
    "Alpha-2 code": "SB",
    "Numeric code": 90,
    "Latitude (average)": -8,
    "Longitude (average)": 159
  },
  "SOM": {
    "Country": "Somalia",
    "Alpha-2 code": "SO",
    "Numeric code": 706,
    "Latitude (average)": 10,
    "Longitude (average)": 49
  },
  "ZAF": {
    "Country": "South Africa",
    "Alpha-2 code": "ZA",
    "Numeric code": 710,
    "Latitude (average)": -29,
    "Longitude (average)": 24
  },
  "SGS": {
    "Country": "South Georgia and the South Sandwich Islands",
    "Alpha-2 code": "GS",
    "Numeric code": 239,
    "Latitude (average)": -54.5,
    "Longitude (average)": -37
  },
  "SSD": {
    "Country": "South Sudan",
    "Alpha-2 code": "SS",
    "Numeric code": 728,
    "Latitude (average)": 8,
    "Longitude (average)": 30
  },
  "ESP": {
    "Country": "Spain",
    "Alpha-2 code": "ES",
    "Numeric code": 724,
    "Latitude (average)": 40,
    "Longitude (average)": -4
  },
  "LKA": {
    "Country": "Sri Lanka",
    "Alpha-2 code": "LK",
    "Numeric code": 144,
    "Latitude (average)": 7,
    "Longitude (average)": 81
  },
  "SDN": {
    "Country": "Sudan",
    "Alpha-2 code": "SD",
    "Numeric code": 736,
    "Latitude (average)": 15,
    "Longitude (average)": 30
  },
  "SUR": {
    "Country": "Suriname",
    "Alpha-2 code": "SR",
    "Numeric code": 740,
    "Latitude (average)": 4,
    "Longitude (average)": -56
  },
  "SJM": {
    "Country": "Svalbard and Jan Mayen",
    "Alpha-2 code": "SJ",
    "Numeric code": 744,
    "Latitude (average)": 78,
    "Longitude (average)": 20
  },
  "SWZ": {
    "Country": "Swaziland",
    "Alpha-2 code": "SZ",
    "Numeric code": 748,
    "Latitude (average)": -26.5,
    "Longitude (average)": 31.5
  },
  "SWE": {
    "Country": "Sweden",
    "Alpha-2 code": "SE",
    "Numeric code": 752,
    "Latitude (average)": 62,
    "Longitude (average)": 15
  },
  "CHE": {
    "Country": "Switzerland",
    "Alpha-2 code": "CH",
    "Numeric code": 756,
    "Latitude (average)": 47,
    "Longitude (average)": 8
  },
  "SYR": {
    "Country": "Syrian Arab Republic",
    "Alpha-2 code": "SY",
    "Numeric code": 760,
    "Latitude (average)": 35,
    "Longitude (average)": 38
  },
  "TWN": {
    "Country": "Taiwan",
    "Alpha-2 code": "TW",
    "Numeric code": 158,
    "Latitude (average)": 23.5,
    "Longitude (average)": 121
  },
  "TJK": {
    "Country": "Tajikistan",
    "Alpha-2 code": "TJ",
    "Numeric code": 762,
    "Latitude (average)": 39,
    "Longitude (average)": 71
  },
  "TZA": {
    "Country": "Tanzania, United Republic of",
    "Alpha-2 code": "TZ",
    "Numeric code": 834,
    "Latitude (average)": -6,
    "Longitude (average)": 35
  },
  "THA": {
    "Country": "Thailand",
    "Alpha-2 code": "TH",
    "Numeric code": 764,
    "Latitude (average)": 15,
    "Longitude (average)": 100
  },
  "TLS": {
    "Country": "Timor-Leste",
    "Alpha-2 code": "TL",
    "Numeric code": 626,
    "Latitude (average)": -8.55,
    "Longitude (average)": 125.5167
  },
  "TGO": {
    "Country": "Togo",
    "Alpha-2 code": "TG",
    "Numeric code": 768,
    "Latitude (average)": 8,
    "Longitude (average)": 1.1667
  },
  "TKL": {
    "Country": "Tokelau",
    "Alpha-2 code": "TK",
    "Numeric code": 772,
    "Latitude (average)": -9,
    "Longitude (average)": -172
  },
  "TON": {
    "Country": "Tonga",
    "Alpha-2 code": "TO",
    "Numeric code": 776,
    "Latitude (average)": -20,
    "Longitude (average)": -175
  },
  "TTO": {
    "Country": "Trinidad and Tobago",
    "Alpha-2 code": "TT",
    "Numeric code": 780,
    "Latitude (average)": 11,
    "Longitude (average)": -61
  },
  "TUN": {
    "Country": "Tunisia",
    "Alpha-2 code": "TN",
    "Numeric code": 788,
    "Latitude (average)": 34,
    "Longitude (average)": 9
  },
  "TUR": {
    "Country": "Turkey",
    "Alpha-2 code": "TR",
    "Numeric code": 792,
    "Latitude (average)": 39,
    "Longitude (average)": 35
  },
  "TKM": {
    "Country": "Turkmenistan",
    "Alpha-2 code": "TM",
    "Numeric code": 795,
    "Latitude (average)": 40,
    "Longitude (average)": 60
  },
  "TCA": {
    "Country": "Turks and Caicos Islands",
    "Alpha-2 code": "TC",
    "Numeric code": 796,
    "Latitude (average)": 21.75,
    "Longitude (average)": -71.5833
  },
  "TUV": {
    "Country": "Tuvalu",
    "Alpha-2 code": "TV",
    "Numeric code": 798,
    "Latitude (average)": -8,
    "Longitude (average)": 178
  },
  "UGA": {
    "Country": "Uganda",
    "Alpha-2 code": "UG",
    "Numeric code": 800,
    "Latitude (average)": 1,
    "Longitude (average)": 32
  },
  "UKR": {
    "Country": "Ukraine",
    "Alpha-2 code": "UA",
    "Numeric code": 804,
    "Latitude (average)": 49,
    "Longitude (average)": 32
  },
  "ARE": {
    "Country": "United Arab Emirates",
    "Alpha-2 code": "AE",
    "Numeric code": 784,
    "Latitude (average)": 24,
    "Longitude (average)": 54
  },
  "GBR": {
    "Country": "United Kingdom",
    "Alpha-2 code": "GB",
    "Numeric code": 826,
    "Latitude (average)": 54,
    "Longitude (average)": -2
  },
  "USA": {
    "Country": "United States",
    "Alpha-2 code": "US",
    "Numeric code": 840,
    "Latitude (average)": 38,
    "Longitude (average)": -97
  },
  "UMI": {
    "Country": "United States Minor Outlying Islands",
    "Alpha-2 code": "UM",
    "Numeric code": 581,
    "Latitude (average)": 19.2833,
    "Longitude (average)": 166.6
  },
  "URY": {
    "Country": "Uruguay",
    "Alpha-2 code": "UY",
    "Numeric code": 858,
    "Latitude (average)": -33,
    "Longitude (average)": -56
  },
  "UZB": {
    "Country": "Uzbekistan",
    "Alpha-2 code": "UZ",
    "Numeric code": 860,
    "Latitude (average)": 41,
    "Longitude (average)": 64
  },
  "VUT": {
    "Country": "Vanuatu",
    "Alpha-2 code": "VU",
    "Numeric code": 548,
    "Latitude (average)": -16,
    "Longitude (average)": 167
  },
  "VEN": {
    "Country": "Venezuela",
    "Alpha-2 code": "VE",
    "Numeric code": 862,
    "Latitude (average)": 8,
    "Longitude (average)": -66
  },
  "VNM": {
    "Country": "Vietnam",
    "Alpha-2 code": "VN",
    "Numeric code": 704,
    "Latitude (average)": 16,
    "Longitude (average)": 106
  },
  "VGB": {
    "Country": "Virgin Islands, British",
    "Alpha-2 code": "VG",
    "Numeric code": 92,
    "Latitude (average)": 18.5,
    "Longitude (average)": -64.5
  },
  "VIR": {
    "Country": "Virgin Islands, U.S.",
    "Alpha-2 code": "VI",
    "Numeric code": 850,
    "Latitude (average)": 18.3333,
    "Longitude (average)": -64.8333
  },
  "WLF": {
    "Country": "Wallis and Futuna",
    "Alpha-2 code": "WF",
    "Numeric code": 876,
    "Latitude (average)": -13.3,
    "Longitude (average)": -176.2
  },
  "ESH": {
    "Country": "Western Sahara",
    "Alpha-2 code": "EH",
    "Numeric code": 732,
    "Latitude (average)": 24.5,
    "Longitude (average)": -13
  },
  "YEM": {
    "Country": "Yemen",
    "Alpha-2 code": "YE",
    "Numeric code": 887,
    "Latitude (average)": 15,
    "Longitude (average)": 48
  },
  "ZMB": {
    "Country": "Zambia",
    "Alpha-2 code": "ZM",
    "Numeric code": 894,
    "Latitude (average)": -15,
    "Longitude (average)": 30
  },
  "ZWE": {
    "Country": "Zimbabwe",
    "Alpha-2 code": "ZW",
    "Numeric code": 716,
    "Latitude (average)": -20,
    "Longitude (average)": 30
  }
}